Z,N,BindingEnergy
1,1,2.224579
1,2,8.481825
1,3,5.57946
1,4,2.742982
1,5,5.784234
2,1,7.718078
2,2,28.2957
2,3,27.409072
2,4,29.269096
2,5,28.824789
2,6,31.407745
2,7,30.259135
2,8,30.338235
3,1,4.620257
3,2,26.328657
3,3,31.995419
3,4,39.244603
3,5,41.277326
3,6,45.340986
3,7,45.315852
3,8,45.641797
3,9,44.413079
4,2,26.923923
4,3,37.600448
4,4,56.499563
4,5,58.164988
4,6,64.977302
4,7,65.480883
4,8,68.64975
4,9,68.14294
4,10,69.982564
5,2,24.717253
5,3,37.737884
5,4,56.314506
5,5,64.750788
5,6,76.204831
5,7,79.575273
5,8,84.453245
5,9,85.423133
5,10,88.191457
5,11,88.146668
5,12,89.585749
5,13,89.050063
5,14,90.079286
6,2,24.782498
6,3,39.034192
6,4,60.320625
6,5,73.439994
6,6,92.161837
6,7,97.108157
6,8,105.284586
6,9,106.502613
6,10,110.753224
6,11,111.481575
6,12,115.662976
6,13,115.82591
6,14,119.174555
6,15,118.843797
6,16,120.292193
7,3,35.536565
7,4,58.344128
7,5,74.041408
7,6,94.105366
7,7,104.658727
7,8,115.49196
7,9,117.981366
7,10,123.86498
7,11,126.690125
7,12,132.018196
7,13,134.181048
7,14,138.787211
7,15,140.012048
7,16,142.429199
7,17,141.194891
8,4,58.549097
8,5,75.558108
8,6,98.733341
8,7,111.955725
8,8,127.61945
8,9,131.762774
8,10,139.807268
8,11,143.762596
8,12,151.370778
8,13,155.176973
8,14,162.02338
8,15,164.766553
8,16,168.478481
8,17,168.380597
8,18,168.431751
9,5,72.34915
9,6,97.252576
9,7,111.419597
9,8,128.219729
9,9,137.369293
9,10,147.801487
9,11,154.402799
9,12,162.50432
9,13,167.73449
9,14,175.273928
9,15,179.12558
9,16,183.480239
9,17,184.528093
9,18,185.836765
9,19,185.729566
9,20,186.730845
10,6,97.325273
10,7,112.901645
10,8,132.153601
10,9,143.780717
10,10,160.644995
10,11,167.40611
10,12,177.770054
10,13,182.970668
10,14,191.83594
10,15,196.018272
10,16,201.602504
10,17,203.004325
10,18,206.893237
10,19,208.220539
10,20,212.081506
10,21,211.545819
10,22,213.282979
11,7,111.360063
11,8,131.821192
11,9,145.976103
11,10,163.076307
11,11,174.145457
11,12,186.564184
11,13,193.523618
11,14,202.534753
11,15,208.151028
11,16,214.899627
11,17,218.425256
11,18,222.84512
11,19,224.936247
11,20,228.936938
11,21,231.372719
11,22,232.234273
11,23,233.310072
11,24,232.737126
12,8,134.467608
12,9,149.198183
12,10,168.577754
12,11,181.724975
12,12,198.25706
12,13,205.587732
12,14,216.680803
12,15,223.124152
12,16,231.627724
12,17,235.345893
12,18,241.63806
12,19,244.036581
12,20,249.686017
12,21,251.758515
12,22,256.588236
12,23,256.816374
12,24,260.267484
12,25,260.150969
13,8,133.208268
13,9,149.215922
13,10,168.702708
13,11,183.596295
13,12,200.528364
13,13,211.894325
13,14,224.952141
13,15,232.677189
13,16,242.113504
13,17,247.841931
13,18,254.994799
13,19,259.178063
13,20,264.687775
13,21,267.114241
13,22,272.381764
13,23,274.482207
13,24,278.86481
13,25,280.797584
13,26,284.211433
14,8,134.451854
14,9,150.91594
14,10,172.003965
14,11,187.004674
14,12,206.046205
14,13,219.357406
14,14,236.537092
14,15,245.010645
14,16,255.619823
14,17,262.207227
14,18,271.410473
14,19,275.89284
14,20,283.428552
14,21,285.907181
14,22,292.01305
14,23,294.206642
14,24,299.50211
14,25,301.686387
14,26,306.497478
14,27,308.141488
15,9,149.979829
15,10,171.175907
15,11,187.146301
15,12,206.945138
15,13,221.423278
15,14,239.285165
15,15,250.605166
15,16,262.916921
15,17,270.85257
15,18,280.956282
15,19,287.247797
15,20,295.618874
15,21,299.08321
15,22,305.897015
15,23,309.441273
15,24,315.696181
15,25,319.454683
15,26,324.032901
15,27,327.176617
15,28,332.248527
15,29,334.19993
15,30,337.371591
15,31,337.348226
16,10,171.366904
16,11,187.896195
16,12,209.408981
16,13,224.7087
16,14,243.685026
16,15,256.738539
16,16,271.780895
16,17,280.422468
16,18,291.83941
16,19,298.825252
16,20,308.714161
16,21,313.017737
16,22,321.054332
16,23,325.421101
16,24,333.185029
16,25,337.008736
16,26,343.720076
16,27,347.031461
16,28,353.500613
16,29,355.51722
16,30,359.163944
16,31,359.736735
16,32,362.805932
16,33,362.475174
17,11,186.140369
17,12,207.62521
17,13,224.39669
17,14,243.971967
17,15,258.313178
17,16,274.057405
17,17,285.565783
17,18,298.210053
17,19,306.789747
17,20,317.100707
17,21,323.208485
17,22,331.282461
17,23,337.106739
17,24,344.963817
17,25,350.687773
17,26,357.799655
17,27,361.828291
17,28,368.819079
17,29,372.773195
17,30,377.276893
17,31,378.920903
17,32,382.297493
17,33,383.065899
17,34,385.734553
18,12,207.974561
18,13,224.829875
18,14,246.379921
18,15,261.651694
18,16,278.721252
18,17,291.462435
18,18,306.715969
18,19,315.504896
18,20,327.342901
18,21,333.941717
18,22,343.810708
18,23,349.909425
18,24,359.332159
18,25,364.962965
18,26,373.318393
18,27,378.851392
18,28,386.922714
18,29,391.174908
18,30,396.563526
18,31,398.011922
18,32,402.580825
18,33,403.852237
18,34,407.331291
18,35,407.894768
19,13,222.999529
19,14,244.726559
19,15,261.041606
19,16,278.798607
19,17,293.128639
19,18,308.573755
19,19,320.647531
19,20,333.723958
19,21,341.523498
19,22,351.618677
19,23,359.152406
19,24,368.795251
19,25,376.080392
19,26,384.952799
19,27,391.835533
19,28,400.18444
19,29,404.683481
19,30,410.950498
19,31,414.056954
19,32,418.774896
19,33,421.043007
19,34,424.913289
19,35,426.585244
19,36,429.626496
20,14,245.625492
20,15,262.406286
20,16,281.357463
20,17,296.152311
20,18,313.122199
20,19,326.4111
20,20,342.052211
20,21,350.414997
20,22,361.895588
20,23,369.828583
20,24,380.960516
20,25,388.37532
20,26,398.768951
20,27,406.045056
20,28,415.99101
20,29,421.13837
20,30,427.491085
20,31,431.88114
20,32,436.571137
20,33,440.031562
20,34,443.790064
20,35,446.393514
20,36,449.583804
20,37,451.535208
21,15,260.240603
21,16,279.368763
21,17,295.218063
21,18,312.520494
21,19,326.950197
21,20,343.13735
21,21,354.687337
21,22,366.825377
21,23,376.524951
21,24,387.849796
21,25,396.610331
21,26,407.254719
21,27,415.487189
21,28,425.618045
21,29,431.674544
21,30,438.42687
21,31,443.659928
21,32,449.318679
21,33,453.887582
21,34,457.832383
21,35,461.031989
21,36,465.023365
21,37,467.477775
21,38,470.91957
22,16,280.398105
22,17,296.340554
22,18,314.490646
22,19,329.427081
22,20,346.904633
22,21,359.176063
22,22,375.475089
22,23,385.005037
22,24,398.194735
22,25,407.072451
22,26,418.699007
22,27,426.841402
22,28,437.780515
22,29,444.152884
22,30,451.961524
22,31,457.394854
22,32,464.404272
22,33,468.516742
22,34,473.914675
22,35,477.412359
22,36,482.493584
22,37,485.115663
22,38,489.759085
22,39,491.887472
23,17,294.528839
23,18,313.172622
23,19,329.170961
23,20,347.097493
23,21,360.990655
23,22,377.089596
23,23,390.360985
23,24,403.362334
23,25,413.904351
23,26,425.457226
23,27,434.789884
23,28,445.84115
23,29,453.152372
23,30,461.630477
23,31,467.744729
23,32,475.074581
23,33,480.23964
23,34,486.447973
23,35,490.523184
23,36,496.126045
23,37,499.353596
23,38,504.714269
23,39,507.448127
23,40,512.156754
24,18,314.229909
24,19,330.423862
24,20,349.896675
24,21,363.845726
24,22,381.975324
24,23,395.127948
24,24,411.462557
24,25,422.044163
24,26,435.044487
24,27,444.306072
24,28,456.345467
24,29,464.284609
24,30,474.003651
24,31,480.249896
24,32,488.506771
24,33,493.685803
24,34,501.291377
24,35,505.282753
24,36,512.329431
24,37,516.339437
24,38,522.817903
24,39,525.244369
24,40,531.135993
24,41,533.459995
25,19,329.180357
25,20,348.76495
25,21,364.092613
25,22,382.056405
25,23,396.862431
25,24,413.547282
25,25,426.629112
25,26,440.315948
25,27,450.851445
25,28,462.905277
25,29,471.844286
25,30,482.070713
25,31,489.341136
25,32,497.99222
25,33,504.477206
25,34,512.120041
25,35,517.639067
25,36,524.527391
25,37,529.329167
25,38,535.686539
25,39,540.106403
25,40,545.970083
25,41,549.644751
25,42,554.921589
26,19,329.30615
26,20,350.18552
26,21,365.634277
26,22,385.190925
26,23,399.736132
26,24,417.699925
26,25,431.513909
26,26,447.696684
26,27,458.380568
26,28,471.759079
26,29,481.056993
26,30,492.254317
26,31,499.900318
26,32,509.944731
26,33,516.525662
26,34,525.345439
26,35,530.927807
26,36,538.979568
26,37,543.930383
26,38,551.303084
26,39,555.583223
26,40,562.685791
26,41,567.012505
26,42,572.745775
26,43,575.982641
27,21,364.660906
27,22,383.94742
27,23,399.638366
27,24,417.788457
27,25,432.501334
27,26,449.296101
27,27,462.733669
27,28,476.823376
27,29,486.90598
27,30,498.281965
27,31,506.854989
27,32,517.308515
27,33,524.800447
27,34,534.122579
27,35,540.727169
27,36,549.207417
27,37,555.230383
27,38,562.676671
27,39,567.632144
27,40,574.9769
27,41,579.555118
27,42,586.843984
27,43,590.621116
27,44,596.903969
27,45,600.615897
28,22,385.451825
28,23,401.170715
28,24,420.45723
28,25,435.253941
28,26,453.152529
28,27,467.347495
28,28,483.988565
28,29,494.235857
28,30,506.454285
28,31,515.453655
28,32,526.842028
28,33,534.662032
28,34,545.259194
28,35,552.097124
28,36,561.75506
28,37,567.853104
28,38,576.83077
28,39,582.615273
28,40,590.430433
28,41,595.395221
28,42,602.572308
28,43,607.048061
28,44,613.90844
28,45,617.527218
28,46,623.893905
28,47,627.251865
28,48,633.12486
28,49,636.072962
28,50,641.377745
29,23,399.647763
29,24,418.552364
29,25,434.858097
29,26,452.859149
29,27,467.907363
29,28,484.682569
29,29,497.108906
29,30,509.871793
29,31,519.932786
29,32,531.642432
29,33,540.528998
29,34,551.381668
29,35,559.297617
29,36,569.207895
29,37,576.273854
29,38,585.391244
29,39,591.702041
29,40,599.973634
29,41,605.265377
29,42,613.140153
29,43,618.510141
29,44,625.677913
29,45,630.29339
29,46,636.96747
29,47,641.042681
29,48,647.288273
29,49,650.832532
29,50,656.603062
29,51,658.517206
30,24,418.94829
30,25,435.375117
30,26,454.251774
30,27,469.281358
30,28,486.956387
30,29,499.992574
30,30,514.992351
30,31,525.222877
30,32,538.11934
30,33,547.232445
30,34,559.094017
30,35,567.073586
30,36,578.133422
30,37,585.185595
30,38,595.383798
30,39,601.866083
30,40,611.081746
30,41,616.915618
30,42,625.793614
30,43,631.145903
30,44,639.515303
30,45,644.345024
30,46,651.997173
30,47,656.621965
30,48,663.314675
30,49,667.557555
30,50,674.017391
30,51,676.434542
30,52,680.444548
31,25,432.482867
31,26,451.713492
31,27,467.870185
31,28,486.076166
31,29,500.025217
31,30,515.44603
31,31,528.165509
31,32,540.931562
31,33,551.147184
31,34,563.036422
31,35,572.176447
31,36,583.402833
31,37,591.680388
31,38,601.989625
31,39,609.644568
31,40,618.948257
31,41,625.469199
31,42,634.657755
31,43,641.080332
31,44,649.560579
31,45,655.369301
31,46,663.1146
31,47,668.968965
31,48,675.866603
31,49,680.51934
31,50,687.510129
31,51,690.542065
31,52,695.157543
31,53,698.13359
32,26,451.476002
32,27,468.172962
32,28,487.012359
32,29,501.045244
32,30,517.630425
32,31,530.368534
32,32,545.957015
32,33,556.01242
32,34,569.290795
32,35,578.397939
32,36,590.792326
32,37,598.980084
32,38,610.518056
32,39,617.933978
32,40,628.685954
32,41,635.468832
32,42,645.665079
32,43,652.170279
32,44,661.598602
32,45,667.671123
32,46,676.390299
32,47,682.089104
32,48,690.118509
32,49,695.046037
32,50,702.437367
32,51,705.888477
32,52,711.351614
32,53,714.411496
32,54,719.148067
33,27,464.86154
33,28,484.585856
33,29,499.568867
33,30,516.4987
33,31,530.270767
33,32,545.877879
33,33,558.709137
33,34,571.6056
33,35,581.912508
33,36,594.184869
33,37,603.513708
33,38,615.138681
33,39,623.547204
33,40,634.345941
33,41,642.320294
33,42,652.564513
33,43,659.892968
33,44,669.590865
33,45,676.561812
33,46,685.45378
33,47,692.006766
33,48,700.492603
33,49,706.359077
33,50,713.983281
33,51,718.254106
33,52,723.763818
33,53,727.717934
33,54,732.668749
33,55,736.101229
33,56,739.822471
34,31,530.955457
34,32,547.8294
34,33,560.669973
34,34,576.398179
34,35,586.621253
34,36,600.337431
34,37,609.55449
34,38,622.43046
34,39,630.823147
34,40,642.890953
34,41,650.918494
34,42,662.072596
34,43,669.491406
34,44,679.989364
34,45,686.951928
34,46,696.865745
34,47,703.566745
34,48,712.842396
34,49,718.660433
34,50,727.340952
34,51,731.895882
34,52,738.075339
34,53,742.18874
34,54,747.558728
34,55,751.345176
34,56,756.249416
34,57,758.778346
34,58,763.16095
35,32,546.194668
35,33,560.357964
35,34,575.946445
35,35,589.196876
35,36,602.270322
35,37,612.903254
35,38,625.361914
35,39,635.202143
35,40,647.106564
35,41,656.32735
35,42,667.344057
35,43,675.633348
35,44,686.320679
35,45,694.212781
35,46,704.369719
35,47,711.962252
35,48,721.547252
35,49,728.385275
35,50,737.291216
35,51,742.392002
35,52,748.680443
35,53,753.622875
35,54,759.53313
35,55,763.654915
35,56,768.615045
35,57,771.758761
35,58,776.253144
35,59,779.126727
36,33,561.061283
36,34,577.804817
36,35,590.999358
36,36,607.081532
36,37,617.928707
36,38,631.281602
36,39,641.42643
36,40,654.235332
36,41,663.498966
36,42,675.558947
36,43,683.912512
36,44,695.43502
36,45,703.307002
36,46,714.272849
36,47,721.737395
36,48,732.257616
36,49,739.378813
36,50,749.23553
36,51,754.750831
36,52,761.804309
36,53,766.910684
36,54,773.217755
36,55,777.641344
36,56,783.185522
36,57,786.490386
36,58,791.68339
36,59,794.650122
36,60,799.712717
36,61,802.670134
37,34,576.421589
37,35,590.305435
37,36,606.490073
37,37,620.057212
37,38,633.625282
37,39,644.954971
37,40,657.370783
37,41,667.552871
37,42,679.484305
37,43,688.932376
37,44,700.287215
37,45,709.090691
37,46,720.04592
37,47,728.794438
37,48,739.283639
37,49,747.934537
37,50,757.853571
37,51,763.935686
37,52,771.111842
37,53,776.827414
37,54,783.291908
37,55,788.390831
37,56,794.312263
37,57,798.309228
37,58,803.668038
37,59,807.11449
37,60,812.339165
37,61,816.349171
37,62,820.955333
37,63,824.881504
37,64,829.85095
37,65,832.32399
38,35,591.176423
38,36,608.245981
38,37,622.269552
38,38,638.081592
38,39,649.739167
38,40,663.009159
38,41,673.383135
38,42,686.281461
38,43,695.574903
38,44,708.128576
38,45,716.987942
38,46,728.906335
38,47,737.435952
38,48,748.926417
38,49,757.354594
38,50,768.467245
38,51,774.825921
38,52,782.632046
38,53,788.400341
38,54,795.707837
38,55,800.992128
38,56,807.81711
38,57,812.164317
38,58,818.072708
38,59,821.981181
38,60,827.889573
38,61,831.444078
38,62,837.624466
38,63,840.879962
38,64,846.622547
38,65,849.170107
38,66,854.092978
39,38,637.909307
39,39,651.681374
39,40,665.481386
39,41,676.356506
39,42,689.280914
39,43,699.531932
39,44,711.739089
39,45,721.63614
39,46,733.398974
39,47,742.903865
39,48,754.710666
39,49,764.062233
39,50,775.538633
39,51,782.395751
39,52,790.325858
39,53,796.865803
39,54,804.345626
39,55,810.542781
39,56,817.468364
39,57,822.676272
39,58,828.667567
39,59,832.930008
39,60,838.75177
39,61,843.912172
39,62,849.608183
39,63,854.652147
39,64,859.575018
39,65,863.4453
39,66,868.125982
39,67,871.418737
40,39,653.6981
40,40,669.789589
40,41,681.335384
40,42,694.744169
40,43,705.088337
40,44,718.189728
40,45,727.91911
40,46,740.647904
40,47,750.258986
40,48,762.606798
40,49,771.923528
40,50,783.893433
40,51,791.087939
40,52,799.722722
40,53,806.456883
40,54,814.677057
40,55,821.139781
40,56,828.993785
40,57,834.573359
40,58,840.972649
40,59,845.536894
40,60,852.444779
40,61,857.367649
40,62,863.725021
40,63,868.424333
40,64,874.464997
40,65,878.558837
40,66,883.966085
40,67,887.426509
40,68,892.31212
41,40,669.160871
41,41,682.746639
41,42,696.80747
41,43,707.794369
41,44,721.137949
41,45,731.88266
41,46,744.313375
41,47,754.620283
41,48,766.84607
41,49,777.000213
41,50,789.05181
41,51,796.934784
41,52,805.765925
41,53,812.993313
41,54,821.482224
41,55,828.375391
41,56,836.449414
41,57,842.43987
41,58,849.312359
41,59,854.99626
41,60,862.069951
41,61,867.544266
41,62,874.590944
41,63,879.569704
41,64,886.271729
41,65,890.374885
41,66,896.471438
41,67,900.164736
41,68,905.795542
41,69,909.162817
42,41,684.80994
42,42,700.938688
42,43,712.27024
42,44,725.828064
42,45,737.038522
42,46,750.118489
42,47,760.492465
42,48,773.728923
42,49,783.83556
42,50,796.509395
42,51,804.578854
42,52,814.256445
42,53,821.625513
42,54,830.77979
42,55,837.600953
42,56,846.243467
42,57,852.168811
42,58,860.458662
42,59,865.856594
42,60,873.974491
42,61,879.341684
42,62,886.891369
42,63,891.972593
42,64,898.959655
42,65,903.718583
42,66,910.02938
42,67,914.16048
42,68,920.443333
42,69,924.062111
42,70,929.963051
42,71,933.199916
43,42,699.983947
43,43,713.700125
43,44,727.686436
43,45,739.204287
43,46,752.203214
43,47,763.981884
43,48,776.831772
43,49,787.855931
43,50,800.595902
43,51,809.218668
43,52,819.152979
43,53,827.024029
43,54,836.498181
43,55,843.776801
43,56,852.743662
43,57,859.508097
43,58,867.89948
43,59,874.201893
43,60,882.304886
43,61,888.270099
43,62,896.136491
43,63,901.697436
43,64,909.093424
43,65,913.997664
43,66,920.997768
43,67,925.56667
43,68,932.091711
43,69,936.260071
43,70,942.384569
43,71,946.217591
43,72,952.053326
44,43,715.120695
44,44,731.351907
44,45,743.43797
44,46,757.405651
44,47,768.644054
44,48,782.546531
44,49,793.47754
44,50,806.849065
44,51,815.802512
44,52,826.49599
44,53,834.607366
44,54,844.791317
44,55,852.255025
44,56,861.928144
44,57,868.730305
44,58,877.949879
44,59,884.182245
44,60,893.086043
44,61,898.996298
44,62,907.461641
44,63,913.126913
44,64,920.937416
44,65,926.204939
44,66,933.55901
44,67,938.286267
44,68,945.435409
44,69,949.790068
44,70,956.501408
44,71,960.557989
44,72,966.906046
44,73,970.664548
44,74,976.649322
45,44,730.294702
45,45,744.430052
45,46,758.388419
45,47,770.71667
45,48,784.600516
45,49,796.435076
45,50,809.909065
45,51,819.267712
45,52,830.299323
45,53,838.951897
45,54,849.4302
45,55,857.515494
45,56,867.406024
45,57,874.844861
45,58,884.163454
45,59,891.162625
45,60,900.130976
45,61,906.718427
45,62,915.287167
45,63,921.515061
45,64,929.580793
45,65,935.589786
45,66,942.999747
45,67,948.32316
45,68,955.639971
45,69,960.516267
45,70,967.404591
45,71,972.131847
45,72,978.675518
45,73,982.946343
45,74,989.21988
45,75,993.173996
45,76,999.102881
46,45,745.561859
46,46,762.07252
46,47,774.344881
46,48,789.067073
46,49,800.938892
46,50,815.036982
46,51,824.729104
46,52,836.301913
46,53,845.260949
46,54,856.371737
46,55,864.644261
46,56,875.21292
46,57,882.838055
46,58,892.820803
46,59,899.914987
46,60,909.477632
46,61,916.016645
46,62,925.237431
46,63,931.389874
46,64,940.208254
46,65,945.962017
46,66,954.337938
46,67,959.76661
46,68,967.63766
46,69,972.621078
46,70,980.245282
46,71,984.888704
46,72,991.898122
46,73,996.522914
46,74,1003.336719
46,75,1007.542338
46,76,1014.104639
46,77,1018.021496
47,47,775.234499
47,48,790.10573
47,49,802.648225
47,50,816.941929
47,51,827.099798
47,52,839.046137
47,53,848.542645
47,54,859.659953
47,55,868.47647
47,56,879.368357
47,57,887.760113
47,58,897.787572
47,59,905.730348
47,60,915.26691
47,61,922.536215
47,62,931.723467
47,63,938.533545
47,64,947.364035
47,65,953.843432
47,66,962.322749
47,67,968.30566
47,68,976.421693
47,69,982.071129
47,70,989.844373
47,71,995.21436
47,72,1002.270353
47,73,1007.435412
47,74,1014.51935
47,75,1019.358386
47,76,1025.957946
47,77,1030.647943
47,78,1036.846961
47,79,1041.229565
47,80,1047.08393
48,48,793.398603
48,49,805.969043
48,50,820.896164
48,51,831.361426
48,52,843.885291
48,53,853.400429
48,54,865.104579
48,55,874.443664
48,56,885.841352
48,57,894.266642
48,58,905.141762
48,59,913.06777
48,60,923.403555
48,61,930.726886
48,62,940.642567
48,63,947.618451
48,64,957.016966
48,65,963.55719
48,66,972.599874
48,67,978.740301
48,68,987.441313
48,69,993.218364
48,70,1001.57286
48,71,1006.844109
48,72,1014.979704
48,73,1020.136379
48,74,1027.723324
48,75,1032.534415
48,76,1040.000265
48,77,1044.718207
48,78,1051.764885
48,79,1056.035709
48,80,1062.868143
48,81,1066.74774
48,82,1073.216891
49,49,806.458118
49,50,821.636742
49,51,832.931035
49,52,845.277916
49,53,855.072502
49,54,867.611271
49,55,877.148765
49,56,888.635876
49,57,897.836169
49,58,908.859396
49,59,917.463533
49,60,927.925069
49,61,935.982418
49,62,945.970756
49,63,953.648987
49,64,963.091468
49,65,970.36543
49,66,979.404575
49,67,986.188571
49,68,994.952924
49,69,1001.311228
49,70,1009.85668
49,71,1015.958823
49,72,1024.13354
49,73,1029.940399
49,74,1037.863613
49,75,1043.381708
49,76,1051.061802
49,77,1056.46905
49,78,1063.720656
49,79,1069.155849
49,80,1075.839244
49,81,1080.939098
49,82,1087.22195
49,83,1089.564581
49,84,1092.587203
49,85,1094.77148
50,50,824.883041
50,51,835.646382
50,52,848.906127
50,53,859.175776
50,54,871.84868
50,55,881.596691
50,56,893.869053
50,57,903.067482
50,58,914.585333
50,59,923.292866
50,60,934.562939
50,61,942.744177
50,62,953.529873
50,63,961.273309
50,64,971.571834
50,65,979.117793
50,66,988.681368
50,67,995.625582
50,68,1004.952558
50,69,1011.437544
50,70,1020.54506
50,71,1026.715854
50,72,1035.52939
50,73,1041.475228
50,74,1049.963207
50,75,1055.696198
50,76,1063.889452
50,77,1069.448534
50,78,1077.34846
50,79,1082.713791
50,80,1090.4032
50,81,1095.614833
50,82,1102.918604
50,83,1105.33948
50,84,1109.079353
50,85,1111.310204
50,86,1115.087337
50,87,1117.150519
51,52,847.22482
51,53,858.863766
51,54,871.369001
51,55,882.020562
51,56,894.386073
51,57,904.311068
51,58,916.130723
51,59,925.483781
51,60,936.861908
51,61,945.692398
51,62,956.574038
51,63,964.904315
51,64,975.305304
51,65,983.19219
51,66,993.086446
51,67,1000.513174
51,68,1010.061845
51,69,1017.082441
51,70,1026.32372
51,71,1033.130631
51,72,1042.095908
51,73,1048.563382
51,74,1057.276969
51,75,1063.483439
51,76,1071.866811
51,77,1077.840408
51,78,1085.927565
51,79,1091.767026
51,80,1099.462023
51,81,1105.239074
51,82,1112.54005
51,83,1115.665136
51,84,1119.432954
51,85,1122.390371
51,86,1126.130244
51,87,1128.938622
51,88,1132.585345
52,54,872.910665
52,55,883.459761
52,56,896.700877
52,57,906.663132
52,58,919.438501
52,59,928.71145
52,60,940.564639
52,61,949.688549
52,62,961.364754
52,63,969.883193
52,64,980.898037
52,65,988.770019
52,66,999.457909
52,67,1006.986169
52,68,1017.281899
52,69,1024.505561
52,70,1034.330793
52,71,1041.260196
52,72,1050.685445
52,73,1057.261532
52,74,1066.375382
52,75,1072.666152
52,76,1081.441311
52,77,1087.524264
52,78,1095.94322
52,79,1101.872942
52,80,1109.942308
52,81,1115.763139
52,82,1123.275564
52,83,1126.773248
52,84,1131.444615
52,85,1134.653536
52,86,1139.092029
52,87,1142.030817
52,88,1146.404105
52,89,1149.175224
52,90,1153.418103
53,55,883.063917
53,56,895.88586
53,57,906.733035
53,58,919.396624
53,59,929.619698
53,60,941.72439
53,61,951.463087
53,62,963.195182
53,63,972.365667
53,64,983.315306
53,65,991.638131
53,66,1002.690235
53,67,1010.884514
53,68,1021.454103
53,69,1029.314907
53,70,1039.243629
53,71,1046.743572
53,72,1056.293454
53,73,1063.438032
53,74,1072.581504
53,75,1079.407418
53,76,1088.240702
53,77,1094.740592
53,78,1103.324049
53,79,1109.652731
53,80,1117.900105
53,81,1124.042302
53,82,1131.952475
53,83,1135.729608
53,84,1140.808038
53,85,1144.681114
53,86,1149.296591
53,87,1152.598662
53,88,1157.297973
53,89,1160.3858
53,90,1164.833608
53,91,1167.744451
54,56,897.315745
54,57,908.041826
54,58,921.664854
54,59,931.869298
54,60,944.812335
54,61,954.383363
54,62,966.925858
54,63,976.096343
54,64,987.884327
54,65,996.905773
54,66,1008.144175
54,67,1016.927159
54,68,1027.640199
54,69,1035.785108
54,70,1046.255214
54,71,1053.858553
54,72,1063.913213
54,73,1071.135943
54,74,1080.743858
54,75,1087.65165
54,76,1096.90746
54,77,1103.512609
54,78,1112.447799
54,79,1118.887608
54,80,1127.435389
54,81,1133.818377
54,82,1141.877589
54,83,1145.90343
54,84,1151.714015
54,85,1155.316958
54,86,1160.730726
54,87,1164.135261
54,88,1169.365524
54,89,1172.60239
54,90,1177.56252
54,91,1180.566512
54,92,1185.256509
54,93,1188.008998
55,57,907.226809
55,58,920.691483
55,59,931.669067
55,60,944.844978
55,61,955.738728
55,62,967.787531
55,63,977.801018
55,64,989.769712
55,65,999.418054
55,66,1010.744017
55,67,1019.804586
55,68,1030.793348
55,69,1039.557701
55,70,1049.97732
55,71,1058.306666
55,72,1068.268921
55,73,1076.03285
55,74,1085.673739
55,75,1093.14611
55,76,1102.378074
55,77,1109.545846
55,78,1118.532827
55,79,1125.424876
55,80,1134.186435
55,81,1141.015143
55,82,1149.293257
55,83,1153.7066
55,84,1159.591704
55,85,1164.012499
55,86,1169.506376
55,87,1173.620709
55,88,1178.86215
55,89,1182.555448
55,90,1187.496949
55,91,1191.125042
55,92,1195.749834
55,93,1199.126424
55,94,1203.639437
55,95,1206.820413
55,96,1211.137812
56,58,922.018903
56,59,933.098952
56,60,946.787185
56,61,957.485321
56,62,970.605342
56,63,980.902935
56,64,993.631729
56,65,1003.156182
56,66,1015.167725
56,67,1024.552454
56,68,1036.128057
56,69,1044.635318
56,70,1055.851365
56,71,1064.038192
56,72,1074.727944
56,73,1082.45927
56,74,1092.732645
56,75,1100.225508
56,76,1110.043382
56,77,1117.23351
56,78,1126.701142
56,79,1133.6733
56,80,1142.781375
56,81,1149.687397
56,82,1158.298985
56,83,1163.022516
56,84,1169.450682
56,85,1173.975804
56,86,1180.145014
56,87,1184.332935
56,88,1190.240395
56,89,1194.604369
56,90,1199.704224
56,91,1204.161347
56,92,1208.795454
56,93,1212.414233
56,94,1217.542032
56,95,1220.881362
56,96,1225.729713
56,97,1228.72439
57,60,946.316821
57,61,957.592483
57,62,970.861544
57,63,981.652829
57,64,994.437512
57,65,1004.651271
57,66,1016.886373
57,67,1026.55055
57,68,1038.21744
57,69,1047.499704
57,70,1058.561123
57,71,1067.293806
57,72,1077.954682
57,73,1086.352026
57,74,1096.481951
57,75,1104.553272
57,76,1114.217449
57,77,1122.204936
57,78,1131.691198
57,79,1139.130035
57,80,1148.30052
57,81,1155.77848
57,82,1164.556806
57,83,1169.717207
57,84,1176.406191
57,85,1181.574045
57,86,1187.79635
57,87,1192.578565
57,88,1198.740323
57,89,1203.029777
57,90,1209.126331
57,91,1213.127022
57,92,1219.167685
57,93,1223.32673
57,94,1228.612884
57,95,1232.445906
57,96,1237.406036
57,97,1240.86646
57,98,1245.463308
58,61,959.115517
58,62,972.887585
58,63,983.725445
58,64,997.069025
58,65,1007.469082
58,66,1020.188561
58,67,1030.104242
58,68,1042.311399
58,69,1051.640238
58,70,1063.325758
58,71,1072.123645
58,72,1083.362047
58,73,1091.684873
58,74,1102.485473
58,75,1110.500905
58,76,1120.919592
58,77,1128.882861
58,78,1138.82276
58,79,1146.297925
58,80,1156.040348
58,81,1163.495952
58,82,1172.697176
58,83,1178.125848
58,84,1185.294551
58,85,1190.440049
58,86,1197.335825
58,87,1202.065876
58,88,1208.777216
58,89,1213.290229
58,90,1219.610341
58,91,1224.048834
58,92,1230.313057
58,93,1234.835385
58,94,1240.727009
58,95,1244.886054
58,96,1250.405081
58,97,1254.079749
58,98,1259.151659
58,99,1262.490989
59,62,972.053938
59,63,983.581104
59,64,996.952629
59,65,1007.818434
59,66,1020.668322
59,67,1031.087009
59,68,1043.331426
59,69,1053.293681
59,70,1065.035091
59,71,1074.485024
59,72,1085.648907
59,73,1094.595833
59,74,1105.387119
59,75,1113.952132
59,76,1124.380135
59,77,1132.907889
59,78,1142.814254
59,79,1150.821303
59,80,1160.58515
59,81,1168.526994
59,82,1177.923832
59,83,1183.767019
59,84,1191.119227
59,85,1196.872059
59,86,1203.819998
59,87,1209.019523
59,88,1215.796067
59,89,1220.886606
59,90,1227.457291
59,91,1232.539447
59,92,1239.46503
59,93,1244.397216
59,94,1250.558974
59,95,1255.146506
59,96,1260.795942
59,97,1265.020192
59,98,1270.250456
59,99,1274.027588
59,100,1278.885254
60,66,1023.076275
60,67,1033.541538
60,68,1046.372796
60,69,1056.437515
60,70,1068.672617
60,71,1078.308849
60,72,1090.087519
60,73,1099.0065
60,74,1110.393942
60,75,1118.847176
60,76,1129.91791
60,77,1138.343199
60,78,1148.938871
60,79,1157.019507
60,80,1167.522029
60,81,1175.31856
60,82,1185.14668
60,83,1191.270247
60,84,1199.087271
60,85,1204.842897
60,86,1212.408417
60,87,1217.70016
60,88,1225.032806
60,89,1230.072114
60,90,1237.451335
60,91,1242.785926
60,92,1250.06082
60,93,1255.323686
60,94,1261.73229
60,95,1266.869404
60,96,1272.546785
60,97,1276.826924
60,98,1282.476361
60,99,1286.337327
60,100,1291.614166
60,101,1295.083905
61,67,1033.602125
61,68,1046.424069
61,69,1057.01974
61,70,1069.422511
61,71,1079.403396
61,72,1091.22864
61,73,1100.4457
61,74,1112.121905
61,75,1121.283075
61,76,1131.906691
61,77,1141.151696
61,78,1151.728737
61,79,1160.694294
61,80,1170.808382
61,81,1179.491696
61,82,1189.446499
61,83,1195.973403
61,84,1203.897549
61,85,1210.154319
61,86,1217.81392
61,87,1223.711134
61,88,1230.980439
61,89,1236.5833
61,90,1244.445967
61,91,1250.386961
61,92,1257.877962
61,93,1263.679231
61,94,1270.306737
61,95,1275.620835
61,96,1281.698758
61,97,1286.519165
61,98,1292.31764
61,99,1296.793393
61,100,1302.191326
61,101,1306.136127
61,102,1311.198722
62,68,1048.617779
62,69,1059.241395
62,70,1072.035393
62,71,1082.053538
62,72,1094.512199
62,73,1104.139116
62,74,1115.98299
62,75,1125.218679
62,76,1136.559546
62,77,1145.784058
62,78,1156.939558
62,79,1165.49712
62,80,1176.620017
62,81,1185.221359
62,82,1195.741579
62,83,1202.498562
62,84,1210.913605
62,85,1217.256073
62,86,1225.397257
62,87,1231.268389
62,88,1239.254944
62,89,1244.851285
62,90,1253.108906
62,91,1258.976312
62,92,1266.944238
62,93,1272.751096
62,94,1279.993388
62,95,1285.434169
62,96,1291.97784
62,97,1297.059065
62,98,1303.323287
62,99,1307.957394
62,100,1313.802444
62,101,1318.017379
62,102,1323.368737
62,103,1327.062035
63,69,1058.826921
63,70,1071.797903
63,71,1082.27248
63,72,1094.628676
63,73,1104.767915
63,74,1116.835348
63,75,1126.5461
63,76,1137.980116
63,77,1147.690868
63,78,1158.733657
63,79,1168.192905
63,80,1179.163969
63,81,1188.644642
63,82,1199.056809
63,83,1206.253457
63,84,1214.752335
63,85,1221.507455
63,86,1229.791157
63,87,1236.21187
63,88,1244.145331
63,89,1250.452402
63,90,1259.002512
63,91,1265.44465
63,92,1273.59608
63,93,1279.932959
63,94,1287.382042
63,95,1293.198216
63,96,1300.110758
63,97,1305.493787
63,98,1311.972253
63,99,1316.913754
63,100,1322.963733
63,101,1327.514005
63,102,1333.042347
63,103,1337.154817
63,104,1342.357136
64,72,1096.934166
64,73,1107.259704
64,74,1119.690419
64,75,1129.522265
64,76,1141.440659
64,77,1151.132781
64,78,1162.91145
64,79,1172.370698
64,80,1184.121423
64,81,1193.217388
64,82,1204.441819
64,83,1211.782849
64,84,1220.766103
64,85,1227.695413
64,86,1236.401082
64,87,1242.89911
64,88,1251.488342
64,89,1257.735798
64,90,1266.63056
64,91,1273.065246
64,92,1281.601384
64,93,1287.96155
64,94,1295.898736
64,95,1301.842525
64,96,1309.293471
64,97,1314.928935
64,98,1321.775341
64,99,1327.043796
64,100,1333.373223
64,101,1338.165685
64,102,1344.169089
64,103,1348.542377
64,104,1354.01483
64,105,1357.885111
65,73,1106.891804
65,74,1119.471559
65,75,1129.862301
65,76,1142.013569
65,77,1152.227327
65,78,1164.127091
65,79,1174.26633
65,80,1185.737606
65,81,1195.392469
65,82,1206.391477
65,83,1214.217816
65,84,1223.274658
65,85,1230.962204
65,86,1239.551437
65,87,1246.717346
65,88,1255.383892
65,89,1262.282463
65,90,1271.462263
65,91,1278.374805
65,92,1287.119597
65,93,1293.897073
65,94,1302.030805
65,95,1308.405875
65,96,1316.102736
65,97,1322.391177
65,98,1329.378239
65,99,1334.928937
65,100,1341.575072
65,101,1346.693557
65,102,1352.901889
65,103,1357.629146
65,104,1363.297212
65,105,1367.614611
65,106,1372.844875
66,74,1121.395135
66,75,1131.888342
66,76,1144.542617
66,77,1154.886785
66,78,1167.39202
66,79,1177.438109
66,80,1189.449652
66,81,1199.234924
66,82,1210.752775
66,83,1218.680646
66,84,1228.385809
66,85,1235.898234
66,86,1245.335126
66,87,1252.431173
66,88,1261.749766
66,89,1268.584995
66,90,1278.026544
66,91,1284.995908
66,92,1294.050888
66,93,1300.88239
66,94,1309.458582
66,95,1315.912829
66,96,1324.109903
66,97,1330.380646
66,98,1338.039315
66,99,1343.754887
66,100,1350.798771
66,101,1356.218128
66,102,1362.817688
66,103,1368.029322
66,104,1373.893002
66,105,1378.41533
66,106,1384.036821
66,107,1388.074772
67,75,1131.10127
67,76,1143.988418
67,77,1154.900798
67,78,1167.406033
67,79,1178.066909
67,80,1190.106397
67,81,1200.571659
67,82,1211.884581
67,83,1220.36576
67,84,1229.991746
67,85,1238.00811
67,86,1247.51859
67,87,1255.216382
67,88,1264.700781
67,89,1272.18433
67,90,1281.671523
67,91,1289.034909
67,92,1298.262215
67,93,1305.386207
67,94,1314.271654
67,95,1321.187923
67,96,1329.596446
67,97,1336.269594
67,98,1344.258944
67,99,1350.502674
67,100,1357.786883
67,101,1363.646836
67,102,1370.443874
67,103,1375.961038
67,104,1382.309095
67,105,1387.250595
67,106,1393.021125
67,107,1397.496879
67,108,1402.866866
68,76,1145.781586
68,77,1156.768485
68,78,1169.813987
68,79,1180.502807
68,80,1193.110507
68,81,1203.296321
68,82,1215.475533
68,83,1223.826303
68,84,1234.114581
68,85,1242.173793
68,86,1252.402456
68,87,1260.079755
68,88,1270.181735
68,89,1277.386767
68,90,1287.358337
68,91,1294.711476
68,92,1304.274121
68,93,1311.487536
68,94,1320.70087
68,95,1327.604097
68,96,1336.450422
68,97,1343.100283
68,98,1351.574942
68,99,1358.011491
68,100,1365.78194
68,101,1371.785344
68,102,1379.044402
68,103,1384.725509
68,104,1391.561669
68,105,1396.793796
68,106,1403.058019
68,107,1407.785275
68,108,1413.65827
68,109,1417.929094
69,77,1155.63676
69,78,1168.756781
69,79,1180.116278
69,80,1192.751922
69,81,1203.599097
69,82,1215.619955
69,83,1224.743865
69,84,1234.931542
69,85,1243.569213
69,86,1253.715904
69,87,1261.956757
69,88,1272.123941
69,89,1279.971704
69,90,1290.082999
69,91,1297.893502
69,92,1307.539049
69,93,1315.079419
69,94,1324.382176
69,95,1331.705508
69,96,1340.726022
69,97,1347.753139
69,98,1356.480232
69,99,1363.32105
69,100,1371.35418
69,101,1377.94722
69,102,1385.433563
69,103,1391.669841
69,104,1398.619643
69,105,1404.306339
69,106,1410.822065
69,107,1415.949864
69,108,1422.111623
69,109,1426.829564
69,110,1432.385851
70,78,1170.754877
70,79,1181.881501
70,80,1195.066727
70,81,1205.690343
70,82,1218.493656
70,83,1227.459212
70,84,1238.297072
70,85,1246.787567
70,86,1257.597482
70,87,1265.845787
70,88,1276.527156
70,89,1284.326482
70,90,1294.810374
70,91,1302.611562
70,92,1312.639022
70,93,1320.225966
70,94,1329.927403
70,95,1337.180873
70,96,1346.666203
70,97,1353.74362
70,98,1362.795805
70,99,1369.662705
70,100,1378.132706
70,101,1384.748102
70,102,1392.767539
70,103,1399.135064
70,104,1406.599704
70,105,1412.422025
70,106,1419.286596
70,107,1424.853129
70,108,1431.633399
70,109,1436.41934
70,110,1442.478634
70,111,1446.991647
71,79,1180.610052
71,80,1193.823222
71,81,1205.192034
71,82,1217.846308
71,83,1227.398706
71,84,1238.143417
71,85,1247.444311
71,86,1258.131269
71,87,1267.070743
71,88,1277.517376
71,89,1286.147594
71,90,1296.529022
71,91,1304.898421
71,92,1314.851362
71,93,1322.904054
71,94,1332.475081
71,95,1340.406679
71,96,1349.828667
71,97,1357.536706
71,98,1366.587028
71,99,1373.89173
71,100,1382.486551
71,101,1389.466162
71,102,1397.681865
71,103,1404.44304
71,104,1412.10972
71,105,1418.397696
71,106,1425.469896
71,107,1431.495656
71,108,1438.288036
71,109,1443.978458
71,110,1450.102956
71,111,1455.156236
71,112,1461.029231
71,113,1465.747172
72,82,1219.956184
72,83,1229.415432
72,84,1240.756299
72,85,1249.870895
72,86,1261.183817
72,87,1269.86061
72,88,1280.996548
72,89,1289.421837
72,90,1300.405942
72,91,1308.610467
72,92,1319.140934
72,93,1327.100477
72,94,1337.30492
72,95,1345.050219
72,96,1354.956585
72,97,1362.534214
72,98,1372.012092
72,99,1379.300959
72,100,1388.33172
72,101,1395.294563
72,102,1403.934096
72,103,1410.642641
72,104,1418.80823
72,105,1425.185909
72,106,1432.812255
72,107,1438.911231
72,108,1446.299115
72,109,1451.994846
72,110,1458.711868
72,111,1464.010131
72,112,1470.292983
72,113,1475.262429
72,114,1481.340352
73,83,1228.386172
73,84,1239.754983
73,85,1249.484365
73,86,1260.778657
73,87,1270.293795
73,88,1281.150285
73,89,1290.35803
73,90,1301.065481
73,91,1309.835423
73,92,1320.468355
73,93,1328.865699
73,94,1339.265757
73,95,1347.504748
73,96,1357.317964
73,97,1365.230931
73,98,1374.820589
73,99,1382.631092
73,100,1391.820207
73,101,1399.304687
73,102,1407.860386
73,103,1414.916378
73,104,1423.237341
73,105,1430.118212
73,106,1438.018139
73,107,1444.662411
73,108,1452.240041
73,109,1458.30306
73,110,1465.237027
73,111,1470.85293
73,112,1477.480435
73,113,1482.765657
73,114,1489.104399
73,115,1494.101789
74,84,1241.650615
74,85,1251.268218
74,86,1262.981682
74,87,1272.245317
74,88,1283.809743
74,89,1292.635575
74,90,1304.013701
74,91,1312.68118
74,92,1323.845063
74,93,1332.242407
74,94,1342.931228
74,95,1351.095699
74,96,1361.467812
74,97,1369.38078
74,98,1379.35235
74,99,1387.041759
74,100,1396.668676
74,101,1404.171786
74,102,1413.342271
74,103,1420.454154
74,104,1429.242726
74,105,1436.175761
74,106,1444.58801
74,107,1451.269542
74,108,1459.333411
74,109,1465.524512
74,110,1472.936242
74,111,1478.690006
74,112,1485.884418
74,113,1491.351282
74,114,1498.184647
74,115,1503.067463
74,116,1509.955787
75,85,1249.978139
75,86,1261.617084
75,87,1271.50482
75,88,1283.05993
75,89,1292.668218
75,90,1303.785526
75,91,1313.021216
75,92,1324.110579
75,93,1333.066821
75,94,1343.727697
75,95,1352.42312
75,96,1362.925642
75,97,1371.239152
75,98,1381.387706
75,99,1389.412453
75,100,1399.085945
75,101,1406.989597
75,102,1416.271862
75,103,1423.802917
75,104,1432.684638
75,105,1440.00145
75,106,1448.748105
75,107,1455.752865
75,108,1464.186538
75,109,1470.671525
75,110,1478.34072
75,111,1484.519897
75,112,1491.879743
75,113,1497.751341
75,114,1504.783394
75,115,1510.440282
75,116,1517.296935
75,117,1522.726539
76,86,1263.168063
76,87,1272.88813
76,88,1284.797208
76,89,1294.219197
76,90,1305.969921
76,91,1314.954107
76,92,1326.490588
76,93,1335.260531
76,94,1346.601398
76,95,1355.166411
76,96,1365.994956
76,97,1374.336411
76,98,1384.894823
76,99,1393.003405
76,100,1403.058809
76,101,1411.036981
76,102,1420.691844
76,103,1428.204269
76,104,1437.765981
76,105,1444.980328
76,106,1454.06139
76,107,1461.27201
76,108,1469.919927
76,109,1476.545569
76,110,1484.807847
76,111,1491.100108
76,112,1499.089365
76,113,1505.009959
76,114,1512.801739
76,115,1518.56016
76,116,1526.118228
76,117,1531.703391
76,118,1538.814342
76,119,1544.146139
76,120,1550.820219
77,88,1283.097272
77,89,1293.096787
77,90,1304.866141
77,91,1314.399909
77,92,1325.805981
77,93,1335.144135
77,94,1346.242813
77,95,1355.376038
77,96,1366.176639
77,97,1375.09562
77,98,1385.514308
77,99,1394.30288
77,100,1404.553899
77,101,1412.709055
77,102,1422.57816
77,103,1430.556333
77,104,1440.12736
77,105,1447.74225
77,106,1457.043144
77,107,1464.574199
77,108,1473.390716
77,109,1480.194274
77,110,1488.815177
77,111,1495.49764
77,112,1503.695645
77,113,1510.021346
77,114,1518.091736
77,115,1524.289823
77,116,1532.061203
77,117,1538.127949
77,118,1545.359994
77,119,1551.192935
77,120,1558.094299
77,121,1563.70275
77,122,1570.367515
78,90,1306.100412
78,91,1315.680754
78,92,1327.561888
78,93,1336.639224
78,94,1348.315429
78,95,1357.206466
78,96,1368.71407
78,97,1377.280015
78,98,1388.406639
78,99,1396.990282
78,100,1407.613898
78,101,1415.899464
78,102,1426.075963
78,103,1434.184544
78,104,1444.03502
78,105,1451.677854
78,106,1461.453811
78,107,1468.733362
78,108,1478.034256
78,109,1485.052989
78,110,1494.20857
78,111,1500.942266
78,112,1509.853796
78,113,1516.290345
78,114,1524.967137
78,115,1531.222045
78,116,1539.592376
78,117,1545.698245
78,118,1553.619596
78,119,1559.466509
78,120,1567.022714
78,121,1572.579001
78,122,1579.860415
78,123,1585.06646
78,124,1591.982728
79,92,1326.057566
79,93,1335.675168
79,94,1347.202334
79,95,1356.652267
79,96,1367.862725
79,97,1377.126359
79,98,1388.038739
79,99,1397.265114
79,100,1407.730376
79,101,1416.742507
79,102,1427.09599
79,103,1435.474705
79,104,1445.409015
79,105,1453.620061
79,106,1463.237663
79,107,1471.132001
79,108,1480.544674
79,109,1488.122304
79,110,1497.311419
79,111,1504.629162
79,112,1513.677621
79,113,1520.668409
79,114,1529.371284
79,115,1536.318292
79,116,1544.688623
79,117,1551.331964
79,118,1559.402354
79,119,1565.915285
79,120,1573.499435
79,121,1579.73385
79,122,1586.947265
79,123,1593.016805
79,124,1599.833404
79,125,1605.507991
79,126,1611.809473
80,95,1357.895853
80,96,1369.693152
80,97,1378.761173
80,98,1390.431789
80,99,1399.151431
80,100,1410.445723
80,101,1418.992107
80,102,1429.913801
80,103,1438.162107
80,104,1448.711204
80,105,1456.708006
80,106,1467.126693
80,107,1474.890622
80,108,1485.039176
80,109,1492.579546
80,110,1502.374132
80,111,1509.718888
80,112,1519.178136
80,113,1526.249033
80,114,1535.4959
80,115,1542.395402
80,116,1551.235206
80,117,1558.021066
80,118,1566.505039
80,119,1573.169805
80,120,1581.197346
80,121,1587.428035
80,122,1595.181717
80,123,1601.174874
80,124,1608.669601
80,125,1614.337667
80,126,1621.064842
80,127,1624.403241
80,128,1629.344741
81,96,1368.160885
81,97,1377.769172
81,98,1389.342913
81,99,1398.606547
81,100,1409.742485
81,101,1419.015435
81,102,1429.797405
81,103,1438.744332
81,104,1449.293428
81,105,1457.877072
81,106,1468.16535
81,107,1476.469545
81,108,1486.6181
81,109,1494.596272
81,110,1504.437433
81,111,1512.275881
81,112,1521.828278
81,113,1529.433853
81,114,1538.809267
81,115,1546.070188
81,116,1555.054374
81,117,1562.259406
81,118,1570.945514
81,119,1577.95959
81,120,1586.162252
81,121,1593.03474
81,122,1600.884366
81,123,1607.539816
81,124,1615.086707
81,125,1621.590323
81,126,1628.438593
81,127,1632.227834
81,128,1637.184239
81,129,1640.861701
82,99,1399.822188
82,100,1411.651158
82,101,1420.417375
82,102,1431.96317
82,103,1440.612019
82,104,1451.738642
82,105,1460.061467
82,106,1470.899327
82,107,1479.138318
82,108,1489.724674
82,109,1497.777366
82,110,1508.121534
82,111,1515.894777
82,112,1525.931552
82,113,1533.537127
82,114,1543.247878
82,115,1550.695099
82,116,1560.070512
82,117,1567.275544
82,118,1576.365921
82,119,1583.474077
82,120,1592.203034
82,121,1599.127686
82,122,1607.521305
82,123,1614.253137
82,124,1622.341226
82,125,1629.078647
82,126,1636.446691
82,127,1640.383109
82,128,1645.568661
82,129,1649.394231
82,130,1654.52529
82,131,1658.300094
82,132,1663.299254
83,102,1430.393643
83,103,1439.610703
83,104,1450.495138
83,105,1459.768087
83,106,1470.317184
83,107,1479.310685
83,108,1489.682798
83,109,1498.387535
83,110,1508.610609
83,111,1516.970694
83,112,1526.905005
83,113,1535.106735
83,114,1544.742968
83,115,1552.730455
83,116,1562.143128
83,117,1569.692813
83,118,1578.853983
83,119,1586.273259
83,120,1595.091639
83,121,1602.29015
83,122,1610.762014
83,123,1617.80124
83,124,1625.898644
83,125,1632.785104
83,126,1640.245366
83,127,1644.849665
83,128,1649.983985
83,129,1654.316288
83,130,1659.497182
83,131,1663.540722
83,132,1668.695535
83,133,1672.696226
84,106,1472.3898
84,107,1480.889609
84,108,1491.876508
84,109,1500.339057
84,110,1511.037193
84,111,1519.322758
84,112,1529.760076
84,113,1537.775508
84,114,1547.924062
84,115,1555.753195
84,116,1565.557096
84,117,1573.190615
84,118,1582.668493
84,119,1590.078454
84,120,1599.177214
84,121,1606.444656
84,122,1615.172681
84,123,1622.20725
84,124,1630.6018
84,125,1637.5693
84,126,1645.229833
84,127,1649.780106
84,128,1655.788167
84,129,1660.141895
84,130,1666.030725
84,131,1670.162757
84,132,1675.914471
84,133,1679.938636
84,134,1685.480205
85,108,1491.089436
85,109,1500.29718
85,110,1510.622719
85,111,1519.48581
85,112,1529.802034
85,113,1538.376362
85,114,1548.422452
85,115,1556.810482
85,116,1566.558493
85,117,1574.667075
85,118,1584.228787
85,119,1591.918196
85,120,1601.125941
85,121,1608.675626
85,122,1617.514499
85,123,1624.834104
85,124,1633.30038
85,125,1640.466289
85,126,1648.211587
85,127,1653.251826
85,128,1659.286901
85,129,1664.158539
85,130,1670.101396
85,131,1674.662847
85,132,1680.5908
85,133,1684.963157
85,134,1690.594895
85,135,1694.940239
85,136,1700.366116
85,137,1704.534476
85,138,1709.802
86,110,1512.546295
86,111,1521.223088
86,112,1531.977114
86,113,1540.486238
86,114,1551.00739
86,115,1559.209121
86,116,1569.441509
86,117,1577.419681
86,118,1587.307417
86,119,1595.09929
86,120,1604.577169
86,121,1612.117538
86,122,1621.212572
86,123,1628.586205
86,124,1637.309572
86,125,1644.537892
86,126,1652.512338
86,127,1657.622439
86,128,1664.317012
86,129,1669.237088
86,130,1675.884154
86,131,1680.549001
86,132,1687.063795
86,133,1691.512535
86,134,1697.805541
86,135,1702.080184
86,136,1708.185587
86,137,1712.326468
86,138,1718.255352
86,139,1722.274673
86,140,1728.063834
86,141,1731.924801
86,142,1737.509032
87,113,1540.146283
87,114,1550.555656
87,115,1559.279023
87,116,1569.436893
87,117,1577.936702
87,118,1587.805807
87,119,1596.035483
87,120,1605.625141
87,121,1613.444959
87,122,1622.643389
87,123,1630.269456
87,124,1639.150246
87,125,1646.601192
87,126,1654.691144
87,127,1660.172911
87,128,1666.967154
87,129,1672.372539
87,130,1679.113686
87,131,1684.439894
87,132,1690.948168
87,133,1696.157939
87,134,1702.428681
87,135,1707.427934
87,136,1713.462357
87,137,1718.264786
87,138,1724.13126
87,139,1728.725313
87,140,1734.477213
87,141,1738.925022
87,142,1744.471994
87,143,1748.742818
87,144,1754.112806
87,145,1758.234591
88,115,1561.053561
88,116,1571.667862
88,117,1580.009317
88,118,1590.325541
88,119,1598.443437
88,120,1608.331173
88,121,1616.253455
88,122,1625.712703
88,123,1633.374167
88,124,1642.476653
88,125,1650.019818
88,126,1658.332396
88,127,1663.969723
88,128,1671.282808
88,129,1676.757123
88,130,1684.066483
88,131,1689.394553
88,132,1696.584681
88,133,1701.961189
88,134,1708.678118
88,135,1713.829205
88,136,1720.312328
88,137,1725.214706
88,138,1731.610642
88,139,1736.171999
88,140,1742.47963
88,141,1747.052351
88,142,1753.018496
88,143,1757.23343
88,144,1763.003961
88,145,1767.060541
88,146,1772.756552
89,118,1589.873806
89,119,1598.504025
89,120,1608.363816
89,121,1616.723901
89,122,1626.294928
89,123,1634.217211
89,124,1643.443585
89,125,1651.216829
89,126,1659.698008
89,127,1665.653906
89,128,1673.155153
89,129,1679.086832
89,130,1686.440903
89,131,1692.323212
89,132,1699.621394
89,133,1705.597784
89,134,1712.460958
89,135,1718.127161
89,136,1724.789131
89,137,1730.187996
89,138,1736.715831
89,139,1741.743215
89,140,1748.030539
89,141,1753.214228
89,142,1758.938183
89,143,1763.777219
89,144,1769.49186
89,145,1773.958298
89,146,1779.533215
89,147,1783.804039
90,120,1610.566841
90,121,1618.796516
90,122,1628.674937
90,123,1636.708999
90,124,1646.186877
90,125,1653.99738
90,126,1662.701187
90,127,1668.891821
90,128,1676.778707
90,129,1682.752303
90,130,1690.625216
90,131,1696.425555
90,132,1704.233263
90,133,1710.123956
90,134,1717.576766
90,135,1723.336118
90,136,1730.52252
90,137,1735.978206
90,138,1743.087945
90,139,1748.342707
90,140,1755.136391
90,141,1760.25441
90,142,1766.692542
90,143,1771.478949
90,144,1777.670422
90,145,1782.104258
90,146,1788.116977
90,147,1792.294652
90,148,1798.176961
91,122,1628.269778
91,123,1636.750957
91,124,1646.349929
91,125,1654.411936
91,126,1663.247083
91,127,1669.716234
91,128,1677.90865
91,129,1684.116983
91,130,1692.206935
91,131,1698.536362
91,132,1706.39344
91,133,1712.927795
91,134,1720.524055
91,135,1726.906577
91,136,1734.176814
91,137,1740.157862
91,138,1747.249251
91,139,1753.044
91,140,1759.861624
91,141,1765.415023
91,142,1771.94174
91,143,1777.161012
91,144,1783.240799
91,145,1788.294079
91,146,1794.073924
91,147,1799.015425
91,148,1804.636916
91,149,1809.121984
92,126,1665.692297
92,127,1672.431581
92,128,1680.698517
92,129,1687.242188
92,130,1695.574328
92,131,1702.108683
92,132,1710.301099
92,133,1716.705046
92,134,1724.813627
92,135,1731.208259
92,136,1739.069063
92,137,1745.156301
92,138,1752.826149
92,139,1758.697281
92,140,1765.970032
92,141,1771.729664
92,142,1778.573649
92,143,1783.871446
92,144,1790.416234
92,145,1795.542078
92,146,1801.695825
92,147,1806.502072
92,148,1812.432633
92,149,1817.01644
92,150,1822.665876
93,132,1711.712354
93,133,1718.637938
93,134,1726.867613
93,135,1733.802512
93,136,1741.808629
93,137,1748.426819
93,138,1756.106913
93,139,1762.43634
93,140,1769.92082
93,141,1775.981045
93,142,1782.965406
93,143,1788.704173
93,144,1795.278303
93,145,1800.766405
93,146,1806.983214
93,147,1812.038729
93,148,1818.171611
93,149,1823.085167
93,150,1828.706658
93,151,1833.44323
94,134,1730.644864
94,135,1737.402778
94,136,1745.934258
94,137,1752.502148
94,138,1760.648921
94,139,1767.033306
94,140,1774.811207
94,141,1781.040964
94,142,1788.398668
94,143,1794.275668
94,144,1801.276143
94,145,1806.922692
94,146,1813.456116
94,147,1818.697744
94,148,1825.007144
94,149,1830.041608
94,150,1836.06271
94,151,1840.83561
94,152,1846.616387
94,153,1851.080962
95,136,1747.714385
95,137,1754.826267
95,138,1763.009368
95,139,1769.851117
95,140,1777.69888
95,141,1784.3357
95,142,1792.034424
95,143,1798.233442
95,144,1805.337872
95,145,1811.294702
95,146,1817.936273
95,147,1823.473836
95,148,1829.840803
95,149,1835.204549
95,150,1841.258627
95,151,1846.234592
95,152,1852.142984
95,153,1856.805036
95,154,1862.333378
96,137,1758.19366
96,138,1766.786619
96,139,1773.600423
96,140,1781.839414
96,141,1788.532123
96,142,1796.482351
96,143,1802.755888
96,144,1810.297189
96,145,1816.38657
96,146,1823.356307
96,147,1829.049616
96,148,1835.850286
96,149,1841.369965
96,150,1847.827939
96,151,1852.984242
96,152,1859.197232
96,153,1863.910516
96,154,1869.742525
96,155,1874.155868
96,156,1879.812756
97,138,1768.169929
97,139,1775.542629
97,140,1783.80025
97,141,1790.809668
97,142,1798.797155
97,143,1805.573699
97,144,1813.207219
97,145,1819.573906
97,146,1826.758445
97,147,1832.812149
97,148,1839.777414
97,149,1845.692699
97,150,1852.246616
97,151,1857.727452
97,152,1864.028934
97,153,1868.997448
97,154,1874.79406
97,155,1879.561371
97,156,1885.229437
97,157,1889.8356
98,139,1778.41633
98,140,1787.102438
98,141,1794.083912
98,142,1802.416052
98,143,1809.164651
98,144,1817.263918
98,145,1823.723754
98,146,1831.264124
98,147,1837.425882
98,148,1844.790385
98,149,1850.818754
98,150,1857.785323
98,151,1863.370486
98,152,1869.995197
98,153,1875.104366
98,154,1881.275439
98,155,1886.08001
98,156,1892.11229
98,157,1896.714727
98,158,1902.550462
99,141,1795.467222
99,142,1803.780732
99,143,1810.883299
99,144,1819.019825
99,145,1825.842944
99,146,1833.588243
99,147,1840.122599
99,148,1847.560504
99,149,1853.945821
99,150,1861.132223
99,151,1867.116997
99,152,1873.945705
99,153,1879.235584
99,154,1885.585504
99,155,1890.677907
99,156,1896.653366
99,157,1901.6284
99,158,1907.47345
100,142,1806.626488
100,143,1813.691796
100,144,1822.16366
100,145,1829.024039
100,146,1837.18851
100,147,1843.82533
100,148,1851.557588
100,149,1857.918685
100,150,1865.528917
100,151,1871.689744
100,152,1878.92831
100,153,1884.469692
100,154,1890.983555
100,155,1896.160724
100,156,1902.544178
100,157,1907.51176
100,158,1913.747106
100,159,1918.539567
101,144,1822.988073
101,145,1830.211735
101,146,1838.404151
101,147,1845.441513
101,148,1853.429001
101,149,1860.112396
101,150,1867.783175
101,151,1874.261641
101,152,1881.727491
101,153,1887.516651
101,154,1894.335113
101,155,1899.635239
101,156,1906.323291
101,157,1911.702594
101,158,1917.841065
101,159,1922.978179
102,147,1848.15686
102,148,1856.535575
102,149,1863.2376
102,150,1871.303333
102,151,1877.806018
102,152,1885.598823
102,153,1891.543542
102,154,1898.642384
102,155,1904.316039
102,156,1911.129843
102,157,1916.57435
102,158,1923.136651
102,159,1928.32034
102,160,1934.733602
103,148,1857.425193
103,149,1864.592965
103,150,1872.729491
103,151,1879.561925
103,152,1887.465578
103,153,1893.683226
103,154,1900.962777
103,155,1906.919606
103,156,1913.956969
103,157,1919.625035
103,158,1926.42021
103,159,1931.929922
103,160,1938.417703
104,149,1866.898455
104,150,1875.444838
104,151,1882.286587
104,152,1890.646672
104,153,1896.957469
104,154,1904.563044
104,155,1910.715487
104,156,1918.041613
104,157,1923.951868
104,158,1930.933341
104,159,1936.564147
104,160,1943.294117
105,150,1875.999118
105,151,1883.409079
105,152,1891.713274
105,153,1898.312835
105,154,1906.123338
105,155,1912.601804
105,156,1920.039709
105,157,1926.210782
105,158,1933.415814
105,159,1939.260864
105,160,1946.223707
106,152,1894.074653
106,153,1900.748733
106,154,1909.015669
106,155,1915.44756
106,156,1923.258063
106,157,1929.62475
106,158,1937.12786
106,159,1943.196469
106,160,1950.466705
107,153,1901.377533
107,154,1909.448854
107,155,1916.393068
107,156,1924.33398
107,157,1930.93354
107,158,1938.56706
107,159,1944.952376
107,160,1952.343707
108,155,1918.372534
108,156,1926.723304
108,157,1933.313549
108,158,1941.347611
108,159,1947.807448
108,160,1955.515486
108,161,1961.770394
109,156,1926.411294
109,157,1933.206468
109,158,1941.659703
109,159,1948.529396
109,160,1956.330585
109,161,1962.9022
109,162,1970.49846
110,157,1934.887856
110,158,1943.359721
110,159,1949.931336
110,160,1958.47772
110,161,1965.198375
110,162,1973.055453
110,163,1978.388181
111,161,1965.594301
